{"False": {"precision": 0.7476210177906496, "recall": 0.8396840148698885, "f1-score": 0.7909827095644562, "support": 2152.0}, "True": {"precision": 0.6294307196562836, "recall": 0.4899665551839465, "f1-score": 0.5510108133521392, "support": 1196.0}, "accuracy": 0.7147550776583035, "macro avg": {"precision": 0.6885258687234665, "recall": 0.6648252850269175, "f1-score": 0.6709967614582977, "support": 3348.0}, "weighted avg": {"precision": 0.7054001108107506, "recall": 0.7147550776583035, "f1-score": 0.7052579820047395, "support": 3348.0}}